순위,제목,URL,플랫폼,조회수,훅문구,훅유형,구조,왜_떡상했다고_생각하는가,우리채널에_적용할점
1,허리 통증에 좋은 골반 스트레칭,https://www.youtube.com/watch?v=6TnDnp9wVLA,youtube_shorts,42880265,허리 통증에 좋은 골반 스트레칭,정보전달형,정보 제시 → 부연 설명 → 요약/결론,,
2,3초만에 허리와 골반 사르르 풀립니다 #오운완 #스트레칭 #허리스트레칭 #목스트레칭,https://www.youtube.com/watch?v=EG2QfxtmeSM,youtube_shorts,38503470,3초만에 허리와 골반 사르르 풀립니다 #오운완 #스트레칭 #허리스트레칭 ,즉효강조형,소요시간 강조 → 동작 시연 → 즉각 효과 암시,,
3,굽은 어깨 쫙 펴는 5초 운동 #홈트레이닝 #스트레칭 #어깨통증,https://www.youtube.com/watch?v=OJziaiV64bA,youtube_shorts,32484138,굽은 어깨 쫙 펴는 5초 운동 #홈트레이닝 #스트레칭 #어깨통증,즉효강조형,소요시간 강조 → 동작 시연 → 즉각 효과 암시,,
4,수영 천재가 집에서 하는 미친 훈련법,https://www.youtube.com/watch?v=KVAQJMDo2Eo,youtube_shorts,27501441,수영 천재가 집에서 하는 미친 훈련법,해결법 제시형,문제 제기 → 방법 시연 → 효과 강조,,
5,요즘 너무 핫한 이운동 100번 채우기 도전?! #홈트레이닝 #다이어트 #뱃살운동,https://www.youtube.com/watch?v=fYUkjXs5nYs,youtube_shorts,25682031,요즘 너무 핫한 이운동 100번 채우기 도전?! #홈트레이닝 #다이어트 ,챌린지형,트렌드/챌린지 언급 → 수행 시연 → 완료/인증,,
6,요즘 너무 핫한 이운동 100번 채우기 도전?! #흥둥이홈트 #다이어트댄스 #흥둥이 #홈트,https://www.youtube.com/watch?v=c94GU4DEkYs,youtube_shorts,22342675,요즘 너무 핫한 이운동 100번 채우기 도전?! #흥둥이홈트 #다이어트댄,챌린지형,트렌드/챌린지 언급 → 수행 시연 → 완료/인증,,
7,묵은 뱃살 녹이는 자세라는데? #홈트레이닝 #오운완 #뱃살운동,https://www.youtube.com/watch?v=T1VyNWGqsNA,youtube_shorts,18079531,묵은 뱃살 녹이는 자세라는데? #홈트레이닝 #오운완 #뱃살운동,구어체 궁금증 유발형,궁금증 제기 → 설명/시연 → 효과 암시,,
8,뱃살을 사정없이 흔들어 난리난 그 운동 #홈트레이닝 #homeworkout #뱃살운동,https://www.youtube.com/watch?v=6SVx3uJlyE8,youtube_shorts,16663883,뱃살을 사정없이 흔들어 난리난 그 운동 #홈트레이닝 #homeworkou,정보전달형,정보 제시 → 부연 설명 → 요약/결론,,
9,한눈에 보는 돌탁댄스 자세교정 #shorts,https://www.youtube.com/watch?v=ey6EZGJJC8s,youtube_shorts,16126581,한눈에 보는 돌탁댄스 자세교정 #shorts,정보전달형,정보 제시 → 부연 설명 → 요약/결론,,
10,무조건 살이 빠질 수밖에 없는 루틴 (feat. 가수 비),https://www.youtube.com/watch?v=penZhcDmqm0,youtube_shorts,15042931,무조건 살이 빠질 수밖에 없는 루틴,권위인용형,전문가/유명인 소개 → 노하우 시연 → 결과 제시,,
11,규현님 양배추 참치덮밥,https://www.youtube.com/watch?v=fdfkrvDHVC8,youtube_shorts,14954326,규현님 양배추 참치덮밥,정보전달형,정보 제시 → 부연 설명 → 요약/결론,,
12,굽은 등 쫙 펴는 3초 운동 #홈트레이닝 #스트레칭 #어깨통증 #등통증,https://www.youtube.com/watch?v=qRrW8qeLJOs,youtube_shorts,14601098,굽은 등 쫙 펴는 3초 운동 #홈트레이닝 #스트레칭 #어깨통증 #등통증,즉효강조형,소요시간 강조 → 동작 시연 → 즉각 효과 암시,,
13,벽걸이 뮤직 복싱 머신 홈트｜운동 작심삼일이던 내가 한 달째 매일 하는 이유,https://www.youtube.com/watch?v=T2Xql51vcMQ,youtube_shorts,13614615,벽걸이 뮤직 복싱 머신 홈트｜운동 작심삼일이던 내가 한 달째 매일 하는 ,원인설명형,문제 현상 제기 → 원인 설명 → 해결 방향 제시,,
14,말도 안 되는 맛,https://www.youtube.com/watch?v=Hwzl8IA9NH0,youtube_shorts,12612517,말도 안 되는 맛,정보전달형,정보 제시 → 부연 설명 → 요약/결론,,
15,매일 이 자세를 하세요,https://www.youtube.com/watch?v=dw2aH43Bda0,youtube_shorts,12534236,매일 이 자세를 하세요,정보전달형,정보 제시 → 부연 설명 → 요약/결론,,
16,자기 전 누워서 허리 회복 루틴,https://www.youtube.com/watch?v=CizLemUPzV4,youtube_shorts,12384591,자기 전 누워서 허리 회복 루틴,정보전달형,정보 제시 → 부연 설명 → 요약/결론,,
17,뱃살을 사정없이 녹여 난리난 그 운동🌪️ #홈트레이닝 #뱃살운동 #다이어트,https://www.youtube.com/watch?v=deK3SGzHw_Y,youtube_shorts,11906570,뱃살을 사정없이 녹여 난리난 그 운동🌪️ #홈트레이닝 #뱃살운동 #다이어,정보전달형,정보 제시 → 부연 설명 → 요약/결론,,
18,뱃살 등살 싹뚝 썰리는 운동 #뱃살운동 #등운동 #등살빼기 #오운완 #홈트레이닝,https://www.youtube.com/watch?v=FDEfhc4Qp_M,youtube_shorts,11788474,뱃살 등살 싹뚝 썰리는 운동 #뱃살운동 #등운동 #등살빼기 #오운완 #홈,정보전달형,정보 제시 → 부연 설명 → 요약/결론,,
19,잘못된 자세 5초만에 고쳐졌습니다 #shorts #운동,https://www.youtube.com/watch?v=quXfnuXMr0w,youtube_shorts,11258345,잘못된 자세 5초만에 고쳐졌습니다 #shorts #운동,즉효강조형,소요시간 강조 → 동작 시연 → 즉각 효과 암시,,
20,살 찐다고 오해 받는 음식 5가지,https://www.youtube.com/watch?v=NjKZK689OiE,youtube_shorts,11120864,살 찐다고 오해 받는 음식 5가지,정보전달형,정보 제시 → 부연 설명 → 요약/결론,,
21,자기 전에 다리만 흔들어도 허리 통증 끝!,https://www.youtube.com/watch?v=ftqthIMH1z8,youtube_shorts,10848604,자기 전에 다리만 흔들어도 허리 통증 끝!,정보전달형,정보 제시 → 부연 설명 → 요약/결론,,
22,운동해도 몸이 안변하는 최악의 자세 5가지,https://www.youtube.com/watch?v=-YqSzs4_250,youtube_shorts,10787148,운동해도 몸이 안변하는 최악의 자세 5가지,정보전달형,정보 제시 → 부연 설명 → 요약/결론,,
23,"굽은등, 라운드숄더 타파하는 눈물나게 시원한 스트레칭! 제발 해보세요💜 #shorts #홈트 #스트레칭 #여온쌤",https://www.youtube.com/watch?v=jsS2jrEPhis,youtube_shorts,10652121,"굽은등, 라운드숄더 타파하는 눈물나게 시원한 스트레칭! 제발 해보세요💜 ",해결법 제시형,문제 제기 → 방법 시연 → 효과 강조,,
24,"정국이 실제로 하는 거북목, 굽은등 5초 만에 펴는 법",https://www.youtube.com/watch?v=RcQBYKnlOzo,youtube_shorts,10604936,"정국이 실제로 하는 거북목, 굽은등 5초 만에 펴는 법",해결법 제시형,문제 제기 → 방법 시연 → 효과 강조,,
25,한번 사는 인생! 대충이란 없다! 뛰어! #김혜선 #점핑머신 #다이어트 #홈트,https://www.youtube.com/watch?v=sFBZJh4b5Ok,youtube_shorts,9733471,한번 사는 인생! 대충이란 없다! 뛰어! #김혜선 #점핑머신 #다이어트 ,정보전달형,정보 제시 → 부연 설명 → 요약/결론,,
26,목 디스크 환자를 위한 올바른 목 스트레칭법 #유퀴즈온더블럭,https://www.youtube.com/watch?v=LrxPo-6Sfeg,youtube_shorts,9458401,목 디스크 환자를 위한 올바른 목 스트레칭법 #유퀴즈온더블럭,정보전달형,정보 제시 → 부연 설명 → 요약/결론,,
27,전신 살 빼주는 최고의 운동 #오운완 #뱃살운동 #전신운동 #급찐급빠,https://www.youtube.com/watch?v=2HQqUyhvBy8,youtube_shorts,8711386,전신 살 빼주는 최고의 운동 #오운완 #뱃살운동 #전신운동 #급찐급빠,정보전달형,정보 제시 → 부연 설명 → 요약/결론,,
28,김종국도 감탄한 아이린 헬스 운동자세,https://www.youtube.com/watch?v=ePaS6L89KjI,youtube_shorts,8250100,김종국도 감탄한 아이린 헬스 운동자세,권위인용형,전문가/유명인 소개 → 노하우 시연 → 결과 제시,,
29,"굽은등, 이렇게 한번 펴보세요.",https://www.youtube.com/watch?v=OyfVukzd2pI,youtube_shorts,8060090,"굽은등, 이렇게 한번 펴보세요.",정보전달형,정보 제시 → 부연 설명 → 요약/결론,,
30,휴대폰 볼 때 최악의 자세2 #라운드숄더#거북목#굽은등,https://www.youtube.com/watch?v=1F5jIEh-F-k,youtube_shorts,7814180,휴대폰 볼 때 최악의 자세2 #라운드숄더#거북목#굽은등,정보전달형,정보 제시 → 부연 설명 → 요약/결론,,
31,양배추와 계란을 이렇게 드세요! 배터지게 먹어도 살빠지는 맛있는 한끼가 완성됩니다👍💯,https://www.youtube.com/watch?v=S05gQtWbJyY,youtube_shorts,7576305,양배추와 계란을 이렇게 드세요! 배터지게 먹어도 살빠지는 맛있는 한끼가 ,정보전달형,정보 제시 → 부연 설명 → 요약/결론,,
32,거북목 골반전방경사 교정 끝판왕 할로우바디 액티브행,https://www.youtube.com/watch?v=cfujhRcOyuY,youtube_shorts,7422443,거북목 골반전방경사 교정 끝판왕 할로우바디 액티브행,정보전달형,정보 제시 → 부연 설명 → 요약/결론,,
33,내 유형은? 여돌로 보는 골반 vs 고관절 차이점,https://www.youtube.com/watch?v=s5l-k1Ldu2Y,youtube_shorts,6993288,내 유형은? 여돌로 보는 골반 vs 고관절 차이점,정보전달형,정보 제시 → 부연 설명 → 요약/결론,,
34,"🔻500만뷰를 달성한 라운드 숄더 영상 마사지 포함편‼️ 평상시 목, 승모근, 어깨가 아프신 분들 따라해보세요👐🏻",https://www.youtube.com/watch?v=1HSjHVVrsD4,youtube_shorts,6987523,"🔻500만뷰를 달성한 라운드 숄더 영상 마사지 포함편‼️ 평상시 목, 승",사회적증거형,조회수/화제성 배지 제시 → 핵심 설명 → 요약,,
35,체지방 태우는 가장 간단한 방법 ㄷㄷ (feat. IFBB 프로 김영범),https://www.youtube.com/watch?v=RDl4FkGA5_M,youtube_shorts,6832057,체지방 태우는 가장 간단한 방법 ㄷㄷ (feat. IFBB 프로 김영범),권위인용형,전문가/유명인 소개 → 노하우 시연 → 결과 제시,,
36,내 몸이 당장 쉬지 않으면 위험한 7가지 신호,https://www.youtube.com/watch?v=bFTOuwUarSM,youtube_shorts,6646104,내 몸이 당장 쉬지 않으면 위험한 7가지 신호,경고신호형,위험 신호 제시 → 사례/설명 → 대처법 안내,,
37,홈트레이닝 하는 90년대생 황은정 #shorts,https://www.youtube.com/watch?v=SnWBZRE6-js,youtube_shorts,6588820,홈트레이닝 하는 90년대생 황은정 #shorts,정보전달형,정보 제시 → 부연 설명 → 요약/결론,,
38,딱 20번만 문지르면 뭉친어깨 깃털 됩니다.,https://www.youtube.com/watch?v=lKRsO72ukMw,youtube_shorts,6574437,딱 20번만 문지르면 뭉친어깨 깃털 됩니다.,정보전달형,정보 제시 → 부연 설명 → 요약/결론,,
39,"거북목, 굽은 등 개선이 안된다면 이렇게 해보세요!",https://www.youtube.com/watch?v=19cHC_dJiM8,youtube_shorts,6563134,"거북목, 굽은 등 개선이 안된다면 이렇게 해보세요!",해결법 제시형,문제 제기 → 방법 시연 → 효과 강조,,
40,간단하게 굽은 어깨 펴는 운동법😮ㅣ스포츠 트레이너 심으뜸ㅣ박세미의 수다가 체질,https://www.youtube.com/watch?v=arzbJeZjWMk,youtube_shorts,6461605,간단하게 굽은 어깨 펴는 운동법😮ㅣ스포츠 트레이너 심으뜸ㅣ박세미의 수다가,정보전달형,정보 제시 → 부연 설명 → 요약/결론,,
41,-5kg 살 쭉쭉 빠지는 다이어트 나시고렝 레시피 #다이어트레시피 #나시고랭 #숙주볶음 #저녁메뉴 #초간단요리,https://www.youtube.com/watch?v=sDAbVXD_Qdg,youtube_shorts,6353429,-5kg 살 쭉쭉 빠지는 다이어트 나시고렝 레시피 #다이어트레시피 #나시,정보전달형,정보 제시 → 부연 설명 → 요약/결론,,
42,레드벨벳 슬기 다이어트 식단,https://www.youtube.com/watch?v=b_TuKxHsJu4,youtube_shorts,6351342,레드벨벳 슬기 다이어트 식단,정보전달형,정보 제시 → 부연 설명 → 요약/결론,,
43,양배추와 참치를 이렇게 드세요! 배터지게 먹어도 살빠지는 맛있는 한끼가 완성됩니다👍💯,https://www.youtube.com/watch?v=T-UkZZSBwPk,youtube_shorts,6277313,양배추와 참치를 이렇게 드세요! 배터지게 먹어도 살빠지는 맛있는 한끼가 ,정보전달형,정보 제시 → 부연 설명 → 요약/결론,,
44,살 안찌는 다이어트 배달음식 4가지,https://www.youtube.com/watch?v=y360oXUGEkE,youtube_shorts,6103811,살 안찌는 다이어트 배달음식 4가지,정보전달형,정보 제시 → 부연 설명 → 요약/결론,,
45,골반 전방경사를 교정하는 신경계 패턴 학습 운동,https://www.youtube.com/watch?v=hGAPaKW24C4,youtube_shorts,6030524,골반 전방경사를 교정하는 신경계 패턴 학습 운동,정보전달형,정보 제시 → 부연 설명 → 요약/결론,,
46,체지방은 대체 살뺄 때 어디로 빠져나갈까?,https://www.youtube.com/watch?v=FgqDSYgxaTg,youtube_shorts,5964693,체지방은 대체 살뺄 때 어디로 빠져나갈까?,구어체 궁금증 유발형,궁금증 제기 → 설명/시연 → 효과 암시,,
47,"거북목, 굽은 등 해결! 하루 5분 교정 운동",https://www.youtube.com/watch?v=aDbqk7JbpEs,youtube_shorts,5892355,"거북목, 굽은 등 해결! 하루 5분 교정 운동",즉효강조형,소요시간 강조 → 동작 시연 → 즉각 효과 암시,,
48,아무도 몰랐던 뱃살이 안빠지는 이유 ㄷㄷ,https://www.youtube.com/watch?v=cFK-OvWKEYg,youtube_shorts,5870720,아무도 몰랐던 뱃살이 안빠지는 이유 ㄷㄷ,원인설명형,문제 현상 제기 → 원인 설명 → 해결 방향 제시,,
49,러닝의 자세 피치 편💨🏃🏻‍♀️,https://www.youtube.com/watch?v=25oaiMOjbfQ,youtube_shorts,5760174,러닝의 자세 피치 편💨🏃🏻‍♀️,정보전달형,정보 제시 → 부연 설명 → 요약/결론,,
50,자기전 이 자세를 매일하면 생기는 일 (시니어 스트레칭),https://www.youtube.com/watch?v=iw9cAXLl1_s,youtube_shorts,5679601,자기전 이 자세를 매일하면 생기는 일 (시니어 스트레칭),정보전달형,정보 제시 → 부연 설명 → 요약/결론,,
51,이건 진짜 간단함 ㅇㅈ?,https://www.youtube.com/watch?v=9BGJ-C7BHmE,youtube_shorts,5643902,이건 진짜 간단함 ㅇㅈ?,구어체 궁금증 유발형,궁금증 제기 → 설명/시연 → 효과 암시,,
52,말린 어깨 수건 하나로 펴는 방법,https://www.youtube.com/watch?v=a6ut091i45k,youtube_shorts,5568412,말린 어깨 수건 하나로 펴는 방법,해결법 제시형,문제 제기 → 방법 시연 → 효과 강조,,
53,가장 효율적으로 체지방 빼는법 ㄷㄷ,https://www.youtube.com/watch?v=R-5jAvVdPGs,youtube_shorts,5561060,가장 효율적으로 체지방 빼는법 ㄷㄷ,정보전달형,정보 제시 → 부연 설명 → 요약/결론,,
54,주머니 무거워지는 레시피,https://www.youtube.com/watch?v=90sO7IqfGvo,youtube_shorts,5540846,주머니 무거워지는 레시피,정보전달형,정보 제시 → 부연 설명 → 요약/결론,,
55,🏆530만🏆허리가 아프다면? 하지 말아야 할 3가지 #허리디스크,https://www.youtube.com/watch?v=q4_j2x_5-ns,youtube_shorts,5318042,🏆530만🏆허리가 아프다면? 하지 말아야 할 3가지 #허리디스크,사회적증거형,조회수/화제성 배지 제시 → 핵심 설명 → 요약,,
56,의자 스쿼트 100개 엉덩이운동🔥 #스쿼트 #스쿼트자세 #스쿼트100개 #스쿼트챌린지 #엉덩이운동 #써니요가 #홈트는써니요가,https://www.youtube.com/watch?v=siwQlUzEQmc,youtube_shorts,5286203,의자 스쿼트 100개 엉덩이운동🔥 #스쿼트 #스쿼트자세 #스쿼트100개 ,챌린지형,트렌드/챌린지 언급 → 수행 시연 → 완료/인증,,
57,이거 신장이 죽어가는 신호입니다 (당장 확인하세요),https://www.youtube.com/watch?v=xgJzpqLDaII,youtube_shorts,5133315,이거 신장이 죽어가는 신호입니다 (당장 확인하세요),경고신호형,위험 신호 제시 → 사례/설명 → 대처법 안내,,
58,라면 1개로 3끼 먹는! 라면 다이어트 하루만 해보기(54.4kg → ???) #하루다,https://www.youtube.com/watch?v=VZ_pdfmd72o,youtube_shorts,5034879,라면 1개로 3끼 먹는! 라면 다이어트 하루만 해보기(54.4kg → ?,정보전달형,정보 제시 → 부연 설명 → 요약/결론,,
59,"226. 허리통증 없애고, 척추기립근 살리는 실내 걷기 운동 ㅣft 부부한의사",https://www.youtube.com/watch?v=Nj8eRj47qeM,youtube_shorts,4876730,"226. 허리통증 없애고, 척추기립근 살리는 실내 걷기 운동 ㅣft 부부",권위인용형,전문가/유명인 소개 → 노하우 시연 → 결과 제시,,
60,다이어트 엽떡,https://www.youtube.com/watch?v=3iv7WdJgk2U,youtube_shorts,4864962,다이어트 엽떡,정보전달형,정보 제시 → 부연 설명 → 요약/결론,,
61,별 거 없는 -20kg 다이어트 비법,https://www.youtube.com/watch?v=SnPVKyJnYRI,youtube_shorts,4768606,별 거 없는 -20kg 다이어트 비법,해결법 제시형,문제 제기 → 방법 시연 → 효과 강조,,
62,어떻게 했지? '오다리'였던 윤아,https://www.youtube.com/watch?v=h0vKMdmfaeE,youtube_shorts,4729052,어떻게 했지? '오다리'였던 윤아,정보전달형,정보 제시 → 부연 설명 → 요약/결론,,
63,이것만 하면 뱃살 똥배가 빠진다구요? #뱃살운동 #오운완 #골반교정운동 #골반전방경사,https://www.youtube.com/watch?v=VSY6OPMvaaA,youtube_shorts,4718592,이것만 하면 뱃살 똥배가 빠진다구요? #뱃살운동 #오운완 #골반교정운동 ,정보전달형,정보 제시 → 부연 설명 → 요약/결론,,
64,납작배 스트레칭 - 전방경사 잡아주는 골반교정 스트레칭 뱃살없애는 운동,https://www.youtube.com/watch?v=rvSaWXtq-SA,youtube_shorts,4656022,납작배 스트레칭 - 전방경사 잡아주는 골반교정 스트레칭 뱃살없애는 운동,정보전달형,정보 제시 → 부연 설명 → 요약/결론,,
65,암세포가 증식할때 우리 몸이 보내는 위험신호#암증상#암위험신호,https://www.youtube.com/watch?v=38wwiACyti0,youtube_shorts,4621170,암세포가 증식할때 우리 몸이 보내는 위험신호#암증상#암위험신호,경고신호형,위험 신호 제시 → 사례/설명 → 대처법 안내,,
66,-5kg 감량 비법 ❗️살 쭉쭉 빠지는 ❗️국물없는 샤브샤브 다이어트 #다이어트식단,https://www.youtube.com/watch?v=7KbTWYwCVfg,youtube_shorts,4598912,-5kg 감량 비법 ❗️살 쭉쭉 빠지는 ❗️국물없는 샤브샤브 다이어트 #,정보전달형,정보 제시 → 부연 설명 → 요약/결론,,
67,걸그룹 애플힙 만들기 운동(힙딥 고민인 사람 주목),https://www.youtube.com/watch?v=xVq-lWk-wnE,youtube_shorts,4559772,걸그룹 애플힙 만들기 운동(힙딥 고민인 사람 주목),정보전달형,정보 제시 → 부연 설명 → 요약/결론,,
68,176. 무릎 통증 없애는 기가막힌 마사지법  | ft 부부한의사,https://www.youtube.com/watch?v=8iaxec2fbmU,youtube_shorts,4545485,176. 무릎 통증 없애는 기가막힌 마사지법  | ft 부부한의사,권위인용형,전문가/유명인 소개 → 노하우 시연 → 결과 제시,,
69,15초만에 극락가는 스트레칭 #shorts #쇼츠 #굽은등스트레칭 #스트레칭방법,https://www.youtube.com/watch?v=o4A0-blB4Jw,youtube_shorts,4538627,15초만에 극락가는 스트레칭 #shorts #쇼츠 #굽은등스트레칭 #스트,즉효강조형,소요시간 강조 → 동작 시연 → 즉각 효과 암시,,
70,🏆430만🏆 허리 아픈 사람이 꼭 지켜야 할 3가지 #허리디스크,https://www.youtube.com/watch?v=PYNfFV4CHig,youtube_shorts,4338487,🏆430만🏆 허리 아픈 사람이 꼭 지켜야 할 3가지 #허리디스크,사회적증거형,조회수/화제성 배지 제시 → 핵심 설명 → 요약,,
71,하루만 아이유 다이어트 해보기(56.1kg → ???),https://www.youtube.com/watch?v=JSwbZoG-Tgo,youtube_shorts,4286463,하루만 아이유 다이어트 해보기(56.1kg → ???),원인설명형,문제 현상 제기 → 원인 설명 → 해결 방향 제시,,
72,체지방만 태우는 유산소 루틴🔥 #다이어트꿀팁 #살빼는법,https://www.youtube.com/watch?v=cet30lGpiyo,youtube_shorts,4090417,체지방만 태우는 유산소 루틴🔥 #다이어트꿀팁 #살빼는법,해결법 제시형,문제 제기 → 방법 시연 → 효과 강조,,
73,목마사지와 뇌졸증 #ebs건강 #건강 #ebs,https://www.youtube.com/watch?v=C9l0e4yBbSs,youtube_shorts,3994714,목마사지와 뇌졸증 #ebs건강 #건강 #ebs,정보전달형,정보 제시 → 부연 설명 → 요약/결론,,
74,직각어깨 즉시 효과,https://www.youtube.com/watch?v=qj01ConLPoA,youtube_shorts,3852685,직각어깨 즉시 효과,정보전달형,정보 제시 → 부연 설명 → 요약/결론,,
75,목 디스크를 부르는 운동과 스트레칭 #1분건강,https://www.youtube.com/watch?v=CeqDDztNnZ4,youtube_shorts,3788670,목 디스크를 부르는 운동과 스트레칭 #1분건강,즉효강조형,소요시간 강조 → 동작 시연 → 즉각 효과 암시,,
76,어깨통증 1분 동안 이곳을 눌러 주면 90% 이상 없어 집니다.,https://www.youtube.com/watch?v=Ndrtl21ZDd8,youtube_shorts,3736951,어깨통증 1분 동안 이곳을 눌러 주면 90% 이상 없어 집니다.,정보전달형,정보 제시 → 부연 설명 → 요약/결론,,
77,체지방 녹이는 생활 습관 꿀팁 ㄷㄷ..,https://www.youtube.com/watch?v=8DV3FS12euU,youtube_shorts,3732641,체지방 녹이는 생활 습관 꿀팁 ㄷㄷ..,해결법 제시형,문제 제기 → 방법 시연 → 효과 강조,,
78,이렇게하면 허리디스크가 40% 좋아집니다.,https://www.youtube.com/watch?v=Rof7hWN6cP4,youtube_shorts,3723634,이렇게하면 허리디스크가 40% 좋아집니다.,정보전달형,정보 제시 → 부연 설명 → 요약/결론,,
79,“와..너무 시원해서 눈물남ㅠ” [골반교정운동],https://www.youtube.com/watch?v=otL6tZkMG0A,youtube_shorts,3647170,“와..너무 시원해서 눈물남ㅠ” [골반교정운동],정보전달형,정보 제시 → 부연 설명 → 요약/결론,,
80,골반을 교정하는 개구리 자세 이렇게 한번 해보세요! #shorts,https://www.youtube.com/watch?v=LT1ooS0upxE,youtube_shorts,3512723,골반을 교정하는 개구리 자세 이렇게 한번 해보세요! #shorts,해결법 제시형,문제 제기 → 방법 시연 → 효과 강조,,
81,허리 디스크를 망가뜨리는 운동 2가지 #1분건강,https://www.youtube.com/watch?v=QFLaAXPUJ6U,youtube_shorts,3509296,허리 디스크를 망가뜨리는 운동 2가지 #1분건강,경고회피형,위험 행동 경고 → 이유 설명 → 대안 제시,,
82,허리에 하지 말 것과 해야 할 것 #1분건강,https://www.youtube.com/watch?v=jqCi349wglE,youtube_shorts,3471102,허리에 하지 말 것과 해야 할 것 #1분건강,정보전달형,정보 제시 → 부연 설명 → 요약/결론,,
83,"체지방 -10kg 빠지는 대학생, 직장인 하루식단",https://www.youtube.com/watch?v=SWZKPsQfgRM,youtube_shorts,3394285,"체지방 -10kg 빠지는 대학생, 직장인 하루식단",정보전달형,정보 제시 → 부연 설명 → 요약/결론,,
84,골반과 고관절 넓은 체형의 차이점 #Shorts,https://www.youtube.com/watch?v=uaoQC6vaLXQ,youtube_shorts,3324859,골반과 고관절 넓은 체형의 차이점 #Shorts,정보전달형,정보 제시 → 부연 설명 → 요약/결론,,
85,체지방 빠르게 태우면서 근육은 늘리는 간단한 방법!,https://www.youtube.com/watch?v=CT5P9C9GXn4,youtube_shorts,3300126,체지방 빠르게 태우면서 근육은 늘리는 간단한 방법!,해결법 제시형,문제 제기 → 방법 시연 → 효과 강조,,
86,"많이 걷거나 서있을 때 허리 통증 있으신 분, 이렇게 해보세요.",https://www.youtube.com/watch?v=ZDeYbY9Hmeo,youtube_shorts,3286160,"많이 걷거나 서있을 때 허리 통증 있으신 분, 이렇게 해보세요.",해결법 제시형,문제 제기 → 방법 시연 → 효과 강조,,
87,축구 하고 허리 아프면 무조건 따라하세요!!  #가드엑스 #손흥민 #골반운동 #고관절운동 #축구스트레칭 #골반스트레칭,https://www.youtube.com/watch?v=WT_EYv3232E,youtube_shorts,3277055,축구 하고 허리 아프면 무조건 따라하세요!!  #가드엑스 #손흥민 #골반,정보전달형,정보 제시 → 부연 설명 → 요약/결론,,
88,252만뷰 돌파한 레전드 골반교정운동 #shorts,https://www.youtube.com/watch?v=rMry8xLIOg8,youtube_shorts,3235922,252만뷰 돌파한 레전드 골반교정운동 #shorts,사회적증거형,조회수/화제성 배지 제시 → 핵심 설명 → 요약,,
89,"""와..너무 시원해서 눈물남ㅠ"" [거북목 교정 운동]",https://www.youtube.com/watch?v=LIRRMdkk3IQ,youtube_shorts,3213085,"""와..너무 시원해서 눈물남ㅠ"" [거북목 교정 운동]",정보전달형,정보 제시 → 부연 설명 → 요약/결론,,
90,딱 50초 만에 허리통증 99% 없애는 방법,https://www.youtube.com/watch?v=__f8vRfHGrw,youtube_shorts,3187591,딱 50초 만에 허리통증 99% 없애는 방법,해결법 제시형,문제 제기 → 방법 시연 → 효과 강조,,
91,🏆310만🏆 허리 아플 땐 어디서 자야할까? 방바닥 VS 침대 #허리디스크 #정선근,https://www.youtube.com/watch?v=Cr6PeWFElpU,youtube_shorts,3144650,🏆310만🏆 허리 아플 땐 어디서 자야할까? 방바닥 VS 침대 #허리디스,사회적증거형,조회수/화제성 배지 제시 → 핵심 설명 → 요약,,
92,누워서 따라하는 신전 자세 #shorts,https://www.youtube.com/watch?v=kJFTn0ixr04,youtube_shorts,3125556,누워서 따라하는 신전 자세 #shorts,정보전달형,정보 제시 → 부연 설명 → 요약/결론,,
93,몸이 조용히 보내는  간 이상 신호 #건강정보 #생활정보 #시니어정보,https://www.youtube.com/watch?v=on5mdnsbS5c,youtube_shorts,3111007,몸이 조용히 보내는  간 이상 신호 #,정보전달형,정보 제시 → 부연 설명 → 요약/결론,,
94,고경표 20kg 감량 비법,https://www.youtube.com/watch?v=wKmWeVztjWY,youtube_shorts,3062605,고경표 20kg 감량 비법,해결법 제시형,문제 제기 → 방법 시연 → 효과 강조,,
95,🔥하루7분🔥일주일🔥전신 체지방 태우기 운동,https://www.youtube.com/watch?v=GcXUkQozyKA,youtube_shorts,3060127,🔥하루7분🔥일주일🔥전신 체지방 태우기 운동,즉효강조형,소요시간 강조 → 동작 시연 → 즉각 효과 암시,,
96,허리를 좋게 하는 운동은? #1분건강,https://www.youtube.com/watch?v=69N0NEKDQYU,youtube_shorts,3032700,허리를 좋게 하는 운동은? #1분건강,즉효강조형,소요시간 강조 → 동작 시연 → 즉각 효과 암시,,
97,몸이 보내는 ‘비타민 부족’ 신호 10가지,https://www.youtube.com/watch?v=2iQOrymwn90,youtube_shorts,2998382,몸이 보내는 ‘비타민 부족’ 신호 10가지,경고신호형,위험 신호 제시 → 사례/설명 → 대처법 안내,,
98,체지방 10% 유지할 때 먹는 음식들,https://www.youtube.com/watch?v=irOhaQp9vK8,youtube_shorts,2928542,체지방 10% 유지할 때 먹는 음식들,정보전달형,정보 제시 → 부연 설명 → 요약/결론,,
99,디스크가 찢어졌을 때 증상 #1분건강,https://www.youtube.com/watch?v=eoQT-9tMQfM,youtube_shorts,2926369,디스크가 찢어졌을 때 증상 #1분건강,정보전달형,정보 제시 → 부연 설명 → 요약/결론,,
100,240. 허리디스크 통증 없애는 최고의 허리 운동ㅣft 부부한의사,https://www.youtube.com/watch?v=0I8PmUw6EV0,youtube_shorts,2902827,240. 허리디스크 통증 없애는 최고의 허리 운동ㅣft 부부한의사,권위인용형,전문가/유명인 소개 → 노하우 시연 → 결과 제시,,
